Market,Size_USD_Billions,Growth_Rate_CAGR,Year,Source
Project Management Software,7.8,10.1%,2023,Grand View Research
AI-Powered PM Tools,1.2,24.3%,2023,TechNavio
Agile Development Tools,2.1,15.7%,2023,Mordor Intelligence
Customer Support Software,24.5,12.2%,2023,Fortune Business Insights
Collaboration Software,31.2,9.5%,2023,Allied Market Research
DevOps Tools,8.9,18.4%,2023,Global Market Insights
SaaS Project Management,4.5,11.8%,2023,ResearchAndMarkets
Enterprise PM Solutions,6.2,8.9%,2023,MarketsandMarkets
Mobile PM Apps,1.8,16.2%,2023,IBISWorld
Cloud PM Platforms,5.4,13.1%,2023,Verified Market Research
